"Last Activity","Account Owner","Account Name","Billing State/Province","Type","Rating","Last Modified Date","Billing Country"
"","Sudhir G","symc","","","","4/1/2025",""
"","Sudhir G","account1","","","","4/7/2025",""
"","Sudhir G","account1","","","","4/7/2025",""
"","Sudhir G","acc2","","","","7/21/2026",""
"","Sudhir G","acc3","","","","3/17/2026",""
"","Sudhir G","acc4","","","","3/17/2026",""
"","Sudhir G","acc5","","","","3/17/2026",""
"","Sudhir G","acc6","","","","3/17/2026",""
"","Sudhir G","acc7","","","","3/17/2026",""
"","Sudhir G","accw","","","","3/24/2026",""
"","Sudhir G","acce","","","","3/24/2026",""
"","Sudhir G","acct","","","","3/24/2026",""
"","Sudhir G","accy","","","","3/24/2026",""
"","Sudhir G","accu","","","","3/24/2026",""
"","Sudhir G","accd","","","","4/1/2026",""
"","Sudhir G","bbb","","","","4/14/2026",""
